length/cm,f/Hz,1/L /cm-1
38.3,398.44,0.026109661
36.1,421.88,0.027700831
34.1,445.31,0.029325513
32.3,468.75,0.030959752
30.4,492.19,0.032894737
28.7,515.63,0.034843206
27.1,562.5,0.036900369
25.6,585.94,0.0390625
